Station,TTArrTime,ArrFlag,Loop,TTDepTime,DepFlag,Secn,TTHaltTime,MinHaltTime,TTRunTime,MinRunTime,TrainID,Priority,SubNetwork
D,2024-01-11 00:15:51,P,0,2024-01-11 00:20:51,P,0,5,4,5,4,10001,1,1|1
C,2024-01-11 00:33:51,P,0,2024-01-11 00:43:51,P,0,10,4,13,4,10001,1,1|1
B,2024-01-11 00:48:51,P,0,2024-01-11 00:59:51,P,0,11,4,5,4,10001,1,1|1
B,2024-01-11 00:15:51,P,0,2024-01-11 00:20:51,P,0,5,4,5,4,10002,1,1|1
C,2024-01-11 00:33:51,P,0,2024-01-11 00:42:51,P,0,9,4,13,4,10002,1,1|1
D,2024-01-11 00:53:51,P,0,2024-01-11 01:08:51,P,0,15,4,11,4,10002,1,1|1
C,2024-01-11 00:15:51,P,0,2024-01-11 00:20:51,P,0,5,4,5,4,10003,1,1|1
D,2024-01-11 00:29:51,P,0,2024-01-11 00:41:51,P,0,12,4,9,4,10003,1,1|1
B,2024-01-11 00:15:51,P,0,2024-01-11 00:20:51,P,0,5,4,5,4,10004,1,1|1
C,2024-01-11 00:27:51,P,0,2024-01-11 00:41:51,P,0,14,4,7,4,10004,1,1|1
D,2024-01-11 00:45:51,P,0,2024-01-11 00:51:51,P,0,6,4,4,4,10004,1,1|1
B,2024-01-11 00:15:51,P,0,2024-01-11 00:20:51,P,0,5,4,5,4,10005,1,1|1
C,2024-01-11 00:32:51,P,0,2024-01-11 00:41:51,P,0,9,4,12,4,10005,1,1|1
D,2024-01-11 00:50:51,P,0,2024-01-11 00:57:51,P,0,7,4,9,4,10005,1,1|1
B,2024-01-11 00:15:51,P,0,2024-01-11 00:20:51,P,0,5,4,5,4,10006,1,1|1
C,2024-01-11 00:27:51,P,0,2024-01-11 00:37:51,P,0,10,4,7,4,10006,1,1|1
D,2024-01-11 00:15:51,P,0,2024-01-11 00:20:51,P,0,5,4,5,4,10007,1,1|1
C,2024-01-11 00:32:51,P,0,2024-01-11 00:40:51,P,0,8,4,12,4,10007,1,1|1
B,2024-01-11 00:50:51,P,0,2024-01-11 01:00:51,P,0,10,4,10,4,10007,1,1|1
C,2024-01-11 00:15:51,P,0,2024-01-11 00:20:51,P,0,5,4,5,4,10008,1,1|1
D,2024-01-11 00:32:51,P,0,2024-01-11 00:43:51,P,0,11,4,12,4,10008,1,1|1
B,2024-01-11 00:15:51,P,0,2024-01-11 00:20:51,P,0,5,4,5,4,10009,1,1|1
C,2024-01-11 00:29:51,P,0,2024-01-11 00:41:51,P,0,12,4,9,4,10009,1,1|1
D,2024-01-11 00:51:51,P,0,2024-01-11 01:01:51,P,0,10,4,10,4,10009,1,1|1
C,2024-01-11 00:15:51,P,0,2024-01-11 00:20:51,P,0,5,4,5,4,100010,1,1|1
D,2024-01-11 00:26:51,P,0,2024-01-11 00:38:51,P,0,12,4,6,4,100010,1,1|1
B,2024-01-11 00:15:51,P,0,2024-01-11 00:20:51,P,0,5,4,5,4,100011,1,1|1
C,2024-01-11 00:32:51,P,0,2024-01-11 00:46:51,P,0,14,4,12,4,100011,1,1|1
D,2024-01-11 00:51:51,P,0,2024-01-11 00:58:51,P,0,7,4,5,4,100011,1,1|1
D,2024-01-11 00:15:51,P,0,2024-01-11 00:20:51,P,0,5,4,5,4,100012,1,1|1
C,2024-01-11 00:28:51,P,0,2024-01-11 00:37:51,P,0,9,4,8,4,100012,1,1|1
B,2024-01-11 00:50:51,P,0,2024-01-11 01:00:51,P,0,10,4,13,4,100012,1,1|1
B,2024-01-11 00:15:51,P,0,2024-01-11 00:20:51,P,0,5,4,5,4,100013,1,1|1
C,2024-01-11 00:27:51,P,0,2024-01-11 00:36:51,P,0,9,4,7,4,100013,1,1|1
D,2024-01-11 00:46:51,P,0,2024-01-11 01:00:51,P,0,14,4,10,4,100013,1,1|1
B,2024-01-11 00:15:51,P,0,2024-01-11 00:20:51,P,0,5,4,5,4,100014,1,1|1
C,2024-01-11 00:31:51,P,0,2024-01-11 00:41:51,P,0,10,4,11,4,100014,1,1|1
D,2024-01-11 00:48:51,P,0,2024-01-11 00:55:51,P,0,7,4,7,4,100014,1,1|1
B,2024-01-11 00:15:51,P,0,2024-01-11 00:20:51,P,0,5,4,5,4,100015,1,1|1
C,2024-01-11 00:27:51,P,0,2024-01-11 00:38:51,P,0,11,4,7,4,100015,1,1|1
D,2024-01-11 00:43:51,P,0,2024-01-11 00:53:51,P,0,10,4,5,4,100015,1,1|1
B,2024-01-11 00:15:51,P,0,2024-01-11 00:20:51,P,0,5,4,5,4,100016,1,1|1
C,2024-01-11 00:32:51,P,0,2024-01-11 00:41:51,P,0,9,4,12,4,100016,1,1|1
D,2024-01-11 00:15:51,P,0,2024-01-11 00:20:51,P,0,5,4,5,4,100017,1,1|1
C,2024-01-11 00:26:51,P,0,2024-01-11 00:40:51,P,0,14,4,6,4,100017,1,1|1
B,2024-01-11 00:44:51,P,0,2024-01-11 00:56:51,P,0,12,4,4,4,100017,1,1|1
B,2024-01-11 00:15:51,P,0,2024-01-11 00:20:51,P,0,5,4,5,4,100018,1,1|1
C,2024-01-11 00:28:51,P,0,2024-01-11 00:36:51,P,0,8,4,8,4,100018,1,1|1
D,2024-01-11 00:48:51,P,0,2024-01-11 01:02:51,P,0,14,4,12,4,100018,1,1|1
B,2024-01-11 00:15:51,P,0,2024-01-11 00:20:51,P,0,5,4,5,4,100019,1,1|1
C,2024-01-11 00:28:51,P,0,2024-01-11 00:36:51,P,0,8,4,8,4,100019,1,1|1
D,2024-01-11 00:15:51,P,0,2024-01-11 00:20:51,P,0,5,4,5,4,100020,1,1|1
C,2024-01-11 00:30:51,P,0,2024-01-11 00:44:51,P,0,14,4,10,4,100020,1,1|1
B,2024-01-11 00:48:51,P,0,2024-01-11 00:58:51,P,0,10,4,4,4,100020,1,1|1
D,2024-01-11 00:15:51,P,0,2024-01-11 00:20:51,P,0,5,4,5,4,100021,1,1|1
C,2024-01-11 00:29:51,P,0,2024-01-11 00:41:51,P,0,12,4,9,4,100021,1,1|1
B,2024-01-11 00:45:51,P,0,2024-01-11 00:58:51,P,0,13,4,4,4,100021,1,1|1
D,2024-01-11 00:15:51,P,0,2024-01-11 00:20:51,P,0,5,4,5,4,100022,1,1|1
C,2024-01-11 00:28:51,P,0,2024-01-11 00:37:51,P,0,9,4,8,4,100022,1,1|1
B,2024-01-11 00:49:51,P,0,2024-01-11 00:56:51,P,0,7,4,12,4,100022,1,1|1
B,2024-01-11 00:15:51,P,0,2024-01-11 00:20:51,P,0,5,4,5,4,100023,1,1|1
C,2024-01-11 00:33:51,P,0,2024-01-11 00:40:51,P,0,7,4,13,4,100023,1,1|1
D,2024-01-11 00:53:51,P,0,2024-01-11 01:06:51,P,0,13,4,13,4,100023,1,1|1
D,2024-01-11 00:15:51,P,0,2024-01-11 00:20:51,P,0,5,4,5,4,100024,1,1|1
C,2024-01-11 00:33:51,P,0,2024-01-11 00:40:51,P,0,7,4,13,4,100024,1,1|1
B,2024-01-11 00:50:51,P,0,2024-01-11 00:57:51,P,0,7,4,10,4,100024,1,1|1
B,2024-01-11 00:15:51,P,0,2024-01-11 00:20:51,P,0,5,4,5,4,100025,1,1|1
C,2024-01-11 00:28:51,P,0,2024-01-11 00:37:51,P,0,9,4,8,4,100025,1,1|1
D,2024-01-11 00:42:51,P,0,2024-01-11 00:56:51,P,0,14,4,5,4,100025,1,1|1
B,2024-01-11 00:15:51,P,0,2024-01-11 00:20:51,P,0,5,4,5,4,100026,1,1|1
C,2024-01-11 00:31:51,P,0,2024-01-11 00:38:51,P,0,7,4,11,4,100026,1,1|1
D,2024-01-11 00:47:51,P,0,2024-01-11 00:54:51,P,0,7,4,9,4,100026,1,1|1
B,2024-01-11 00:15:51,P,0,2024-01-11 00:20:51,P,0,5,4,5,4,100027,1,1|1
C,2024-01-11 00:27:51,P,0,2024-01-11 00:40:51,P,0,13,4,7,4,100027,1,1|1
D,2024-01-11 00:48:51,P,0,2024-01-11 01:03:51,P,0,15,4,8,4,100027,1,1|1
D,2024-01-11 00:15:51,P,0,2024-01-11 00:20:51,P,0,5,4,5,4,100028,1,1|1
C,2024-01-11 00:24:51,P,0,2024-01-11 00:30:51,P,0,6,4,4,4,100028,1,1|1
B,2024-01-11 00:35:51,P,0,2024-01-11 00:41:51,P,0,6,4,5,4,100028,1,1|1
B,2024-01-11 00:15:51,P,0,2024-01-11 00:20:51,P,0,5,4,5,4,100029,1,1|1
C,2024-01-11 00:24:51,P,0,2024-01-11 00:33:51,P,0,9,4,4,4,100029,1,1|1
C,2024-01-11 00:15:51,P,0,2024-01-11 00:20:51,P,0,5,4,5,4,100030,1,1|1
D,2024-01-11 00:29:51,P,0,2024-01-11 00:35:51,P,0,6,4,9,4,100030,1,1|1
C,2024-01-11 00:15:51,P,0,2024-01-11 00:20:51,P,0,5,4,5,4,100031,1,1|1
D,2024-01-11 00:31:51,P,0,2024-01-11 00:40:51,P,0,9,4,11,4,100031,1,1|1
C,2024-01-11 00:15:51,P,0,2024-01-11 00:20:51,P,0,5,4,5,4,100032,1,1|1
D,2024-01-11 00:24:51,P,0,2024-01-11 00:37:51,P,0,13,4,4,4,100032,1,1|1
D,2024-01-11 00:15:51,P,0,2024-01-11 00:20:51,P,0,5,4,5,4,100033,1,1|1
C,2024-01-11 00:29:51,P,0,2024-01-11 00:37:51,P,0,8,4,9,4,100033,1,1|1
B,2024-01-11 00:45:51,P,0,2024-01-11 00:58:51,P,0,13,4,8,4,100033,1,1|1
B,2024-01-11 00:15:51,P,0,2024-01-11 00:20:51,P,0,5,4,5,4,100034,1,1|1
C,2024-01-11 00:29:51,P,0,2024-01-11 00:41:51,P,0,12,4,9,4,100034,1,1|1
D,2024-01-11 00:15:51,P,0,2024-01-11 00:20:51,P,0,5,4,5,4,100035,1,1|1
C,2024-01-11 00:31:51,P,0,2024-01-11 00:39:51,P,0,8,4,11,4,100035,1,1|1
B,2024-01-11 00:44:51,P,0,2024-01-11 00:54:51,P,0,10,4,5,4,100035,1,1|1
B,2024-01-11 00:15:51,P,0,2024-01-11 00:20:51,P,0,5,4,5,4,100036,1,1|1
C,2024-01-11 00:33:51,P,0,2024-01-11 00:45:51,P,0,12,4,13,4,100036,1,1|1
C,2024-01-11 00:15:51,P,0,2024-01-11 00:20:51,P,0,5,4,5,4,100037,1,1|1
D,2024-01-11 00:27:51,P,0,2024-01-11 00:42:51,P,0,15,4,7,4,100037,1,1|1
B,2024-01-11 00:15:51,P,0,2024-01-11 00:20:51,P,0,5,4,5,4,100038,1,1|1
C,2024-01-11 00:25:51,P,0,2024-01-11 00:39:51,P,0,14,4,5,4,100038,1,1|1
B,2024-01-11 00:15:51,P,0,2024-01-11 00:20:51,P,0,5,4,5,4,100039,1,1|1
C,2024-01-11 00:33:51,P,0,2024-01-11 00:47:51,P,0,14,4,13,4,100039,1,1|1
D,2024-01-11 01:00:51,P,0,2024-01-11 01:11:51,P,0,11,4,13,4,100039,1,1|1
C,2024-01-11 00:15:51,P,0,2024-01-11 00:20:51,P,0,5,4,5,4,100040,1,1|1
D,2024-01-11 00:33:51,P,0,2024-01-11 00:44:51,P,0,11,4,13,4,100040,1,1|1
B,2024-01-11 00:15:51,P,0,2024-01-11 00:20:51,P,0,5,4,5,4,100041,1,1|1
C,2024-01-11 00:24:51,P,0,2024-01-11 00:32:51,P,0,8,4,4,4,100041,1,1|1
D,2024-01-11 00:15:51,P,0,2024-01-11 00:20:51,P,0,5,4,5,4,100042,1,1|1
C,2024-01-11 00:25:51,P,0,2024-01-11 00:33:51,P,0,8,4,5,4,100042,1,1|1
B,2024-01-11 00:41:51,P,0,2024-01-11 00:48:51,P,0,7,4,8,4,100042,1,1|1
D,2024-01-11 00:15:51,P,0,2024-01-11 00:20:51,P,0,5,4,5,4,100043,1,1|1
C,2024-01-11 00:30:51,P,0,2024-01-11 00:36:51,P,0,6,4,10,4,100043,1,1|1
B,2024-01-11 00:49:51,P,0,2024-01-11 01:00:51,P,0,11,4,13,4,100043,1,1|1
B,2024-01-11 00:15:51,P,0,2024-01-11 00:20:51,P,0,5,4,5,4,100044,1,1|1
C,2024-01-11 00:26:51,P,0,2024-01-11 00:37:51,P,0,11,4,6,4,100044,1,1|1
D,2024-01-11 00:49:51,P,0,2024-01-11 00:58:51,P,0,9,4,12,4,100044,1,1|1
B,2024-01-11 00:15:51,P,0,2024-01-11 00:20:51,P,0,5,4,5,4,100045,1,1|1
C,2024-01-11 00:26:51,P,0,2024-01-11 00:33:51,P,0,7,4,6,4,100045,1,1|1
C,2024-01-11 00:15:51,P,0,2024-01-11 00:20:51,P,0,5,4,5,4,100046,1,1|1
D,2024-01-11 00:24:51,P,0,2024-01-11 00:37:51,P,0,13,4,4,4,100046,1,1|1
D,2024-01-11 00:15:51,P,0,2024-01-11 00:20:51,P,0,5,4,5,4,100047,1,1|1
C,2024-01-11 00:25:51,P,0,2024-01-11 00:34:51,P,0,9,4,5,4,100047,1,1|1
B,2024-01-11 00:40:51,P,0,2024-01-11 00:47:51,P,0,7,4,6,4,100047,1,1|1
D,2024-01-11 00:15:51,P,0,2024-01-11 00:20:51,P,0,5,4,5,4,100048,1,1|1
C,2024-01-11 00:33:51,P,0,2024-01-11 00:41:51,P,0,8,4,13,4,100048,1,1|1
B,2024-01-11 00:45:51,P,0,2024-01-11 00:53:51,P,0,8,4,4,4,100048,1,1|1
B,2024-01-11 00:15:51,P,0,2024-01-11 00:20:51,P,0,5,4,5,4,100049,1,1|1
C,2024-01-11 00:30:51,P,0,2024-01-11 00:42:51,P,0,12,4,10,4,100049,1,1|1
B,2024-01-11 00:15:51,P,0,2024-01-11 00:20:51,P,0,5,4,5,4,100050,1,1|1
C,2024-01-11 00:31:51,P,0,2024-01-11 00:40:51,P,0,9,4,11,4,100050,1,1|1
D,2024-01-11 00:51:51,P,0,2024-01-11 01:06:51,P,0,15,4,11,4,100050,1,1|1
B,2024-01-11 00:15:51,P,0,2024-01-11 00:20:51,P,0,5,4,5,4,100051,1,1|1
C,2024-01-11 00:29:51,P,0,2024-01-11 00:39:51,P,0,10,4,9,4,100051,1,1|1
D,2024-01-11 00:52:51,P,0,2024-01-11 00:59:51,P,0,7,4,13,4,100051,1,1|1
C,2024-01-11 00:15:51,P,0,2024-01-11 00:20:51,P,0,5,4,5,4,100052,1,1|1
D,2024-01-11 00:32:51,P,0,2024-01-11 00:43:51,P,0,11,4,12,4,100052,1,1|1
B,2024-01-11 00:15:51,P,0,2024-01-11 00:20:51,P,0,5,4,5,4,100053,1,1|1
C,2024-01-11 00:29:51,P,0,2024-01-11 00:41:51,P,0,12,4,9,4,100053,1,1|1
C,2024-01-11 00:15:51,P,0,2024-01-11 00:20:51,P,0,5,4,5,4,100054,1,1|1
D,2024-01-11 00:31:51,P,0,2024-01-11 00:40:51,P,0,9,4,11,4,100054,1,1|1
C,2024-01-11 00:15:51,P,0,2024-01-11 00:20:51,P,0,5,4,5,4,100055,1,1|1
D,2024-01-11 00:29:51,P,0,2024-01-11 00:36:51,P,0,7,4,9,4,100055,1,1|1
B,2024-01-11 00:15:51,P,0,2024-01-11 00:20:51,P,0,5,4,5,4,100056,1,1|1
C,2024-01-11 00:27:51,P,0,2024-01-11 00:39:51,P,0,12,4,7,4,100056,1,1|1
D,2024-01-11 00:52:51,P,0,2024-01-11 01:04:51,P,0,12,4,13,4,100056,1,1|1
C,2024-01-11 00:15:51,P,0,2024-01-11 00:20:51,P,0,5,4,5,4,100057,1,1|1
D,2024-01-11 00:26:51,P,0,2024-01-11 00:40:51,P,0,14,4,6,4,100057,1,1|1
C,2024-01-11 00:15:51,P,0,2024-01-11 00:20:51,P,0,5,4,5,4,100058,1,1|1
D,2024-01-11 00:30:51,P,0,2024-01-11 00:41:51,P,0,11,4,10,4,100058,1,1|1
C,2024-01-11 00:15:51,P,0,2024-01-11 00:20:51,P,0,5,4,5,4,100059,1,1|1
D,2024-01-11 00:33:51,P,0,2024-01-11 00:42:51,P,0,9,4,13,4,100059,1,1|1
B,2024-01-11 00:15:51,P,0,2024-01-11 00:20:51,P,0,5,4,5,4,100060,1,1|1
C,2024-01-11 00:31:51,P,0,2024-01-11 00:41:51,P,0,10,4,11,4,100060,1,1|1
C,2024-01-11 00:15:51,P,0,2024-01-11 00:20:51,P,0,5,4,5,4,100061,1,1|1
D,2024-01-11 00:27:51,P,0,2024-01-11 00:42:51,P,0,15,4,7,4,100061,1,1|1
B,2024-01-11 00:15:51,P,0,2024-01-11 00:20:51,P,0,5,4,5,4,100062,1,1|1
C,2024-01-11 00:32:51,P,0,2024-01-11 00:42:51,P,0,10,4,12,4,100062,1,1|1
C,2024-01-11 00:15:51,P,0,2024-01-11 00:20:51,P,0,5,4,5,4,100063,1,1|1
D,2024-01-11 00:33:51,P,0,2024-01-11 00:40:51,P,0,7,4,13,4,100063,1,1|1
B,2024-01-11 00:15:51,P,0,2024-01-11 00:20:51,P,0,5,4,5,4,100064,1,1|1
C,2024-01-11 00:28:51,P,0,2024-01-11 00:42:51,P,0,14,4,8,4,100064,1,1|1
B,2024-01-11 00:15:51,P,0,2024-01-11 00:20:51,P,0,5,4,5,4,100065,1,1|1
C,2024-01-11 00:31:51,P,0,2024-01-11 00:45:51,P,0,14,4,11,4,100065,1,1|1
D,2024-01-11 00:15:51,P,0,2024-01-11 00:20:51,P,0,5,4,5,4,100066,1,1|1
C,2024-01-11 00:29:51,P,0,2024-01-11 00:43:51,P,0,14,4,9,4,100066,1,1|1
B,2024-01-11 00:53:51,P,0,2024-01-11 01:00:51,P,0,7,4,10,4,100066,1,1|1
B,2024-01-11 00:15:51,P,0,2024-01-11 00:20:51,P,0,5,4,5,4,100067,1,1|1
C,2024-01-11 00:24:51,P,0,2024-01-11 00:36:51,P,0,12,4,4,4,100067,1,1|1
C,2024-01-11 00:15:51,P,0,2024-01-11 00:20:51,P,0,5,4,5,4,100068,1,1|1
D,2024-01-11 00:25:51,P,0,2024-01-11 00:32:51,P,0,7,4,5,4,100068,1,1|1
B,2024-01-11 00:15:51,P,0,2024-01-11 00:20:51,P,0,5,4,5,4,100069,1,1|1
C,2024-01-11 00:31:51,P,0,2024-01-11 00:39:51,P,0,8,4,11,4,100069,1,1|1
D,2024-01-11 00:50:51,P,0,2024-01-11 01:02:51,P,0,12,4,11,4,100069,1,1|1
B,2024-01-11 00:15:51,P,0,2024-01-11 00:20:51,P,0,5,4,5,4,100070,1,1|1
C,2024-01-11 00:25:51,P,0,2024-01-11 00:34:51,P,0,9,4,5,4,100070,1,1|1
D,2024-01-11 00:47:51,P,0,2024-01-11 00:53:51,P,0,6,4,13,4,100070,1,1|1
B,2024-01-11 00:15:51,P,0,2024-01-11 00:20:51,P,0,5,4,5,4,100071,1,1|1
C,2024-01-11 00:24:51,P,0,2024-01-11 00:35:51,P,0,11,4,4,4,100071,1,1|1
B,2024-01-11 00:15:51,P,0,2024-01-11 00:20:51,P,0,5,4,5,4,100072,1,1|1
C,2024-01-11 00:33:51,P,0,2024-01-11 00:43:51,P,0,10,4,13,4,100072,1,1|1
D,2024-01-11 00:50:51,P,0,2024-01-11 01:00:51,P,0,10,4,7,4,100072,1,1|1
B,2024-01-11 00:15:51,P,0,2024-01-11 00:20:51,P,0,5,4,5,4,100073,1,1|1
C,2024-01-11 00:25:51,P,0,2024-01-11 00:33:51,P,0,8,4,5,4,100073,1,1|1
D,2024-01-11 00:38:51,P,0,2024-01-11 00:47:51,P,0,9,4,5,4,100073,1,1|1
B,2024-01-11 00:15:51,P,0,2024-01-11 00:20:51,P,0,5,4,5,4,100074,1,1|1
C,2024-01-11 00:27:51,P,0,2024-01-11 00:36:51,P,0,9,4,7,4,100074,1,1|1
D,2024-01-11 00:15:51,P,0,2024-01-11 00:20:51,P,0,5,4,5,4,100075,1,1|1
C,2024-01-11 00:30:51,P,0,2024-01-11 00:37:51,P,0,7,4,10,4,100075,1,1|1
B,2024-01-11 00:50:51,P,0,2024-01-11 01:00:51,P,0,10,4,13,4,100075,1,1|1
C,2024-01-11 00:15:51,P,0,2024-01-11 00:20:51,P,0,5,4,5,4,100076,1,1|1
D,2024-01-11 00:26:51,P,0,2024-01-11 00:40:51,P,0,14,4,6,4,100076,1,1|1
D,2024-01-11 00:15:51,P,0,2024-01-11 00:20:51,P,0,5,4,5,4,100077,1,1|1
C,2024-01-11 00:29:51,P,0,2024-01-11 00:36:51,P,0,7,4,9,4,100077,1,1|1
B,2024-01-11 00:40:51,P,0,2024-01-11 00:49:51,P,0,9,4,4,4,100077,1,1|1
C,2024-01-11 00:15:51,P,0,2024-01-11 00:20:51,P,0,5,4,5,4,100078,1,1|1
D,2024-01-11 00:26:51,P,0,2024-01-11 00:33:51,P,0,7,4,6,4,100078,1,1|1
C,2024-01-11 00:15:51,P,0,2024-01-11 00:20:51,P,0,5,4,5,4,100079,1,1|1
D,2024-01-11 00:33:51,P,0,2024-01-11 00:39:51,P,0,6,4,13,4,100079,1,1|1
D,2024-01-11 00:15:51,P,0,2024-01-11 00:20:51,P,0,5,4,5,4,100080,1,1|1
C,2024-01-11 00:28:51,P,0,2024-01-11 00:40:51,P,0,12,4,8,4,100080,1,1|1
B,2024-01-11 00:48:51,P,0,2024-01-11 00:54:51,P,0,6,4,8,4,100080,1,1|1
D,2024-01-11 00:15:51,P,0,2024-01-11 00:20:51,P,0,5,4,5,4,100081,1,1|1
C,2024-01-11 00:25:51,P,0,2024-01-11 00:32:51,P,0,7,4,5,4,100081,1,1|1
B,2024-01-11 00:44:51,P,0,2024-01-11 00:51:51,P,0,7,4,12,4,100081,1,1|1
D,2024-01-11 00:15:51,P,0,2024-01-11 00:20:51,P,0,5,4,5,4,100082,1,1|1
C,2024-01-11 00:31:51,P,0,2024-01-11 00:43:51,P,0,12,4,11,4,100082,1,1|1
B,2024-01-11 00:48:51,P,0,2024-01-11 00:55:51,P,0,7,4,5,4,100082,1,1|1
C,2024-01-11 00:15:51,P,0,2024-01-11 00:20:51,P,0,5,4,5,4,100083,1,1|1
D,2024-01-11 00:27:51,P,0,2024-01-11 00:40:51,P,0,13,4,7,4,100083,1,1|1
B,2024-01-11 00:15:51,P,0,2024-01-11 00:20:51,P,0,5,4,5,4,100084,1,1|1
C,2024-01-11 00:30:51,P,0,2024-01-11 00:42:51,P,0,12,4,10,4,100084,1,1|1
B,2024-01-11 00:15:51,P,0,2024-01-11 00:20:51,P,0,5,4,5,4,100085,1,1|1
C,2024-01-11 00:32:51,P,0,2024-01-11 00:39:51,P,0,7,4,12,4,100085,1,1|1
D,2024-01-11 00:46:51,P,0,2024-01-11 00:56:51,P,0,10,4,7,4,100085,1,1|1
B,2024-01-11 00:15:51,P,0,2024-01-11 00:20:51,P,0,5,4,5,4,100086,1,1|1
C,2024-01-11 00:31:51,P,0,2024-01-11 00:44:51,P,0,13,4,11,4,100086,1,1|1
D,2024-01-11 00:51:51,P,0,2024-01-11 01:03:51,P,0,12,4,7,4,100086,1,1|1
D,2024-01-11 00:15:51,P,0,2024-01-11 00:20:51,P,0,5,4,5,4,100087,1,1|1
C,2024-01-11 00:24:51,P,0,2024-01-11 00:39:51,P,0,15,4,4,4,100087,1,1|1
B,2024-01-11 00:46:51,P,0,2024-01-11 01:00:51,P,0,14,4,7,4,100087,1,1|1
B,2024-01-11 00:15:51,P,0,2024-01-11 00:20:51,P,0,5,4,5,4,100088,1,1|1
C,2024-01-11 00:29:51,P,0,2024-01-11 00:38:51,P,0,9,4,9,4,100088,1,1|1
D,2024-01-11 00:15:51,P,0,2024-01-11 00:20:51,P,0,5,4,5,4,100089,1,1|1
C,2024-01-11 00:33:51,P,0,2024-01-11 00:48:51,P,0,15,4,13,4,100089,1,1|1
B,2024-01-11 01:00:51,P,0,2024-01-11 01:15:51,P,0,15,4,12,4,100089,1,1|1
C,2024-01-11 00:15:51,P,0,2024-01-11 00:20:51,P,0,5,4,5,4,100090,1,1|1
D,2024-01-11 00:25:51,P,0,2024-01-11 00:31:51,P,0,6,4,5,4,100090,1,1|1
D,2024-01-11 00:15:51,P,0,2024-01-11 00:20:51,P,0,5,4,5,4,100091,1,1|1
C,2024-01-11 00:24:51,P,0,2024-01-11 00:36:51,P,0,12,4,4,4,100091,1,1|1
B,2024-01-11 00:48:51,P,0,2024-01-11 00:58:51,P,0,10,4,12,4,100091,1,1|1
C,2024-01-11 00:15:51,P,0,2024-01-11 00:20:51,P,0,5,4,5,4,100092,1,1|1
D,2024-01-11 00:33:51,P,0,2024-01-11 00:44:51,P,0,11,4,13,4,100092,1,1|1
C,2024-01-11 00:15:51,P,0,2024-01-11 00:20:51,P,0,5,4,5,4,100093,1,1|1
D,2024-01-11 00:31:51,P,0,2024-01-11 00:37:51,P,0,6,4,11,4,100093,1,1|1
B,2024-01-11 00:15:51,P,0,2024-01-11 00:20:51,P,0,5,4,5,4,100094,1,1|1
C,2024-01-11 00:27:51,P,0,2024-01-11 00:42:51,P,0,15,4,7,4,100094,1,1|1
D,2024-01-11 00:51:51,P,0,2024-01-11 01:00:51,P,0,9,4,9,4,100094,1,1|1
C,2024-01-11 00:15:51,P,0,2024-01-11 00:20:51,P,0,5,4,5,4,100095,1,1|1
D,2024-01-11 00:29:51,P,0,2024-01-11 00:35:51,P,0,6,4,9,4,100095,1,1|1
B,2024-01-11 00:15:51,P,0,2024-01-11 00:20:51,P,0,5,4,5,4,100096,1,1|1
C,2024-01-11 00:30:51,P,0,2024-01-11 00:38:51,P,0,8,4,10,4,100096,1,1|1
D,2024-01-11 00:46:51,P,0,2024-01-11 00:53:51,P,0,7,4,8,4,100096,1,1|1
B,2024-01-11 00:15:51,P,0,2024-01-11 00:20:51,P,0,5,4,5,4,100097,1,1|1
C,2024-01-11 00:30:51,P,0,2024-01-11 00:40:51,P,0,10,4,10,4,100097,1,1|1
D,2024-01-11 00:51:51,P,0,2024-01-11 01:03:51,P,0,12,4,11,4,100097,1,1|1
D,2024-01-11 00:15:51,P,0,2024-01-11 00:20:51,P,0,5,4,5,4,100098,1,1|1
C,2024-01-11 00:30:51,P,0,2024-01-11 00:41:51,P,0,11,4,10,4,100098,1,1|1
B,2024-01-11 00:45:51,P,0,2024-01-11 00:53:51,P,0,8,4,4,4,100098,1,1|1
B,2024-01-11 00:15:51,P,0,2024-01-11 00:20:51,P,0,5,4,5,4,100099,1,1|1
C,2024-01-11 00:25:51,P,0,2024-01-11 00:37:51,P,0,12,4,5,4,100099,1,1|1
B,2024-01-11 00:15:51,P,0,2024-01-11 00:20:51,P,0,5,4,5,4,1000100,1,1|1
C,2024-01-11 00:24:51,P,0,2024-01-11 00:36:51,P,0,12,4,4,4,1000100,1,1|1
D,2024-01-11 00:48:51,P,0,2024-01-11 01:02:51,P,0,14,4,12,4,1000100,1,1|1
B,2024-01-11 00:15:51,P,0,2024-01-11 00:20:51,P,0,5,4,5,4,1000101,1,1|1
C,2024-01-11 00:28:51,P,0,2024-01-11 00:34:51,P,0,6,4,8,4,1000101,1,1|1
D,2024-01-11 00:45:51,P,0,2024-01-11 00:57:51,P,0,12,4,11,4,1000101,1,1|1
B,2024-01-11 00:15:51,P,0,2024-01-11 00:20:51,P,0,5,4,5,4,1000102,1,1|1
C,2024-01-11 00:30:51,P,0,2024-01-11 00:40:51,P,0,10,4,10,4,1000102,1,1|1
B,2024-01-11 00:15:51,P,0,2024-01-11 00:20:51,P,0,5,4,5,4,1000103,1,1|1
C,2024-01-11 00:25:51,P,0,2024-01-11 00:37:51,P,0,12,4,5,4,1000103,1,1|1
C,2024-01-11 00:15:51,P,0,2024-01-11 00:20:51,P,0,5,4,5,4,1000104,1,1|1
D,2024-01-11 00:27:51,P,0,2024-01-11 00:38:51,P,0,11,4,7,4,1000104,1,1|1
B,2024-01-11 00:15:51,P,0,2024-01-11 00:20:51,P,0,5,4,5,4,1000105,1,1|1
C,2024-01-11 00:26:51,P,0,2024-01-11 00:40:51,P,0,14,4,6,4,1000105,1,1|1
B,2024-01-11 00:15:51,P,0,2024-01-11 00:20:51,P,0,5,4,5,4,1000106,1,1|1
C,2024-01-11 00:24:51,P,0,2024-01-11 00:35:51,P,0,11,4,4,4,1000106,1,1|1
B,2024-01-11 00:15:51,P,0,2024-01-11 00:20:51,P,0,5,4,5,4,1000107,1,1|1
C,2024-01-11 00:30:51,P,0,2024-01-11 00:40:51,P,0,10,4,10,4,1000107,1,1|1
B,2024-01-11 00:15:51,P,0,2024-01-11 00:20:51,P,0,5,4,5,4,1000108,1,1|1
C,2024-01-11 00:28:51,P,0,2024-01-11 00:43:51,P,0,15,4,8,4,1000108,1,1|1
B,2024-01-11 00:15:51,P,0,2024-01-11 00:20:51,P,0,5,4,5,4,1000109,1,1|1
C,2024-01-11 00:32:51,P,0,2024-01-11 00:42:51,P,0,10,4,12,4,1000109,1,1|1
D,2024-01-11 00:15:51,P,0,2024-01-11 00:20:51,P,0,5,4,5,4,1000110,1,1|1
C,2024-01-11 00:32:51,P,0,2024-01-11 00:47:51,P,0,15,4,12,4,1000110,1,1|1
B,2024-01-11 00:54:51,P,0,2024-01-11 01:06:51,P,0,12,4,7,4,1000110,1,1|1
D,2024-01-11 00:15:51,P,0,2024-01-11 00:20:51,P,0,5,4,5,4,1000111,1,1|1
C,2024-01-11 00:24:51,P,0,2024-01-11 00:32:51,P,0,8,4,4,4,1000111,1,1|1
B,2024-01-11 00:41:51,P,0,2024-01-11 00:56:51,P,0,15,4,9,4,1000111,1,1|1
C,2024-01-11 00:15:51,P,0,2024-01-11 00:20:51,P,0,5,4,5,4,1000112,1,1|1
D,2024-01-11 00:33:51,P,0,2024-01-11 00:47:51,P,0,14,4,13,4,1000112,1,1|1
B,2024-01-11 00:15:51,P,0,2024-01-11 00:20:51,P,0,5,4,5,4,1000113,1,1|1
C,2024-01-11 00:24:51,P,0,2024-01-11 00:32:51,P,0,8,4,4,4,1000113,1,1|1
D,2024-01-11 00:38:51,P,0,2024-01-11 00:50:51,P,0,12,4,6,4,1000113,1,1|1
B,2024-01-11 00:15:51,P,0,2024-01-11 00:20:51,P,0,5,4,5,4,1000114,1,1|1
C,2024-01-11 00:32:51,P,0,2024-01-11 00:47:51,P,0,15,4,12,4,1000114,1,1|1
D,2024-01-11 00:54:51,P,0,2024-01-11 01:07:51,P,0,13,4,7,4,1000114,1,1|1
B,2024-01-11 00:15:51,P,0,2024-01-11 00:20:51,P,0,5,4,5,4,1000115,1,1|1
C,2024-01-11 00:26:51,P,0,2024-01-11 00:39:51,P,0,13,4,6,4,1000115,1,1|1
D,2024-01-11 00:49:51,P,0,2024-01-11 00:56:51,P,0,7,4,10,4,1000115,1,1|1
D,2024-01-11 00:15:51,P,0,2024-01-11 00:20:51,P,0,5,4,5,4,1000116,1,1|1
C,2024-01-11 00:27:51,P,0,2024-01-11 00:37:51,P,0,10,4,7,4,1000116,1,1|1
B,2024-01-11 00:49:51,P,0,2024-01-11 01:04:51,P,0,15,4,12,4,1000116,1,1|1
B,2024-01-11 00:15:51,P,0,2024-01-11 00:20:51,P,0,5,4,5,4,1000117,1,1|1
C,2024-01-11 00:24:51,P,0,2024-01-11 00:32:51,P,0,8,4,4,4,1000117,1,1|1
D,2024-01-11 00:15:51,P,0,2024-01-11 00:20:51,P,0,5,4,5,4,1000118,1,1|1
C,2024-01-11 00:31:51,P,0,2024-01-11 00:46:51,P,0,15,4,11,4,1000118,1,1|1
B,2024-01-11 00:59:51,P,0,2024-01-11 01:09:51,P,0,10,4,13,4,1000118,1,1|1
D,2024-01-11 00:15:51,P,0,2024-01-11 00:20:51,P,0,5,4,5,4,1000119,1,1|1
C,2024-01-11 00:27:51,P,0,2024-01-11 00:35:51,P,0,8,4,7,4,1000119,1,1|1
B,2024-01-11 00:42:51,P,0,2024-01-11 00:51:51,P,0,9,4,7,4,1000119,1,1|1
C,2024-01-11 00:15:51,P,0,2024-01-11 00:20:51,P,0,5,4,5,4,1000120,1,1|1
D,2024-01-11 00:28:51,P,0,2024-01-11 00:41:51,P,0,13,4,8,4,1000120,1,1|1
D,2024-01-11 00:15:51,P,0,2024-01-11 00:20:51,P,0,5,4,5,4,1000121,1,1|1
C,2024-01-11 00:31:51,P,0,2024-01-11 00:40:51,P,0,9,4,11,4,1000121,1,1|1
B,2024-01-11 00:44:51,P,0,2024-01-11 00:55:51,P,0,11,4,4,4,1000121,1,1|1
D,2024-01-11 00:15:51,P,0,2024-01-11 00:20:51,P,0,5,4,5,4,1000122,1,1|1
C,2024-01-11 00:28:51,P,0,2024-01-11 00:39:51,P,0,11,4,8,4,1000122,1,1|1
B,2024-01-11 00:48:51,P,0,2024-01-11 00:55:51,P,0,7,4,9,4,1000122,1,1|1
D,2024-01-11 00:15:51,P,0,2024-01-11 00:20:51,P,0,5,4,5,4,1000123,1,1|1
C,2024-01-11 00:28:51,P,0,2024-01-11 00:37:51,P,0,9,4,8,4,1000123,1,1|1
B,2024-01-11 00:47:51,P,0,2024-01-11 00:53:51,P,0,6,4,10,4,1000123,1,1|1
D,2024-01-11 00:15:51,P,0,2024-01-11 00:20:51,P,0,5,4,5,4,1000124,1,1|1
C,2024-01-11 00:24:51,P,0,2024-01-11 00:31:51,P,0,7,4,4,4,1000124,1,1|1
B,2024-01-11 00:36:51,P,0,2024-01-11 00:43:51,P,0,7,4,5,4,1000124,1,1|1
C,2024-01-11 00:15:51,P,0,2024-01-11 00:20:51,P,0,5,4,5,4,1000125,1,1|1
D,2024-01-11 00:32:51,P,0,2024-01-11 00:42:51,P,0,10,4,12,4,1000125,1,1|1
C,2024-01-11 00:15:51,P,0,2024-01-11 00:20:51,P,0,5,4,5,4,1000126,1,1|1
D,2024-01-11 00:24:51,P,0,2024-01-11 00:36:51,P,0,12,4,4,4,1000126,1,1|1
D,2024-01-11 00:15:51,P,0,2024-01-11 00:20:51,P,0,5,4,5,4,1000127,1,1|1
C,2024-01-11 00:29:51,P,0,2024-01-11 00:37:51,P,0,8,4,9,4,1000127,1,1|1
B,2024-01-11 00:42:51,P,0,2024-01-11 00:50:51,P,0,8,4,5,4,1000127,1,1|1
C,2024-01-11 00:15:51,P,0,2024-01-11 00:20:51,P,0,5,4,5,4,1000128,1,1|1
D,2024-01-11 00:26:51,P,0,2024-01-11 00:40:51,P,0,14,4,6,4,1000128,1,1|1
C,2024-01-11 00:15:51,P,0,2024-01-11 00:20:51,P,0,5,4,5,4,1000129,1,1|1
D,2024-01-11 00:24:51,P,0,2024-01-11 00:31:51,P,0,7,4,4,4,1000129,1,1|1
D,2024-01-11 00:15:51,P,0,2024-01-11 00:20:51,P,0,5,4,5,4,1000130,1,1|1
C,2024-01-11 00:27:51,P,0,2024-01-11 00:34:51,P,0,7,4,7,4,1000130,1,1|1
B,2024-01-11 00:40:51,P,0,2024-01-11 00:49:51,P,0,9,4,6,4,1000130,1,1|1
B,2024-01-11 00:15:51,P,0,2024-01-11 00:20:51,P,0,5,4,5,4,1000131,1,1|1
C,2024-01-11 00:30:51,P,0,2024-01-11 00:42:51,P,0,12,4,10,4,1000131,1,1|1
D,2024-01-11 00:53:51,P,0,2024-01-11 01:06:51,P,0,13,4,11,4,1000131,1,1|1
B,2024-01-11 00:15:51,P,0,2024-01-11 00:20:51,P,0,5,4,5,4,1000132,1,1|1
C,2024-01-11 00:31:51,P,0,2024-01-11 00:44:51,P,0,13,4,11,4,1000132,1,1|1
D,2024-01-11 00:54:51,P,0,2024-01-11 01:04:51,P,0,10,4,10,4,1000132,1,1|1
D,2024-01-11 00:15:51,P,0,2024-01-11 00:20:51,P,0,5,4,5,4,1000133,1,1|1
C,2024-01-11 00:32:51,P,0,2024-01-11 00:41:51,P,0,9,4,12,4,1000133,1,1|1
B,2024-01-11 00:50:51,P,0,2024-01-11 01:04:51,P,0,14,4,9,4,1000133,1,1|1
B,2024-01-11 00:15:51,P,0,2024-01-11 00:20:51,P,0,5,4,5,4,1000134,1,1|1
C,2024-01-11 00:29:51,P,0,2024-01-11 00:37:51,P,0,8,4,9,4,1000134,1,1|1
C,2024-01-11 00:15:51,P,0,2024-01-11 00:20:51,P,0,5,4,5,4,1000135,1,1|1
D,2024-01-11 00:25:51,P,0,2024-01-11 00:33:51,P,0,8,4,5,4,1000135,1,1|1
C,2024-01-11 00:15:51,P,0,2024-01-11 00:20:51,P,0,5,4,5,4,1000136,1,1|1
D,2024-01-11 00:30:51,P,0,2024-01-11 00:44:51,P,0,14,4,10,4,1000136,1,1|1
C,2024-01-11 00:15:51,P,0,2024-01-11 00:20:51,P,0,5,4,5,4,1000137,1,1|1
D,2024-01-11 00:27:51,P,0,2024-01-11 00:35:51,P,0,8,4,7,4,1000137,1,1|1
C,2024-01-11 00:15:51,P,0,2024-01-11 00:20:51,P,0,5,4,5,4,1000138,1,1|1
D,2024-01-11 00:24:51,P,0,2024-01-11 00:31:51,P,0,7,4,4,4,1000138,1,1|1
C,2024-01-11 00:15:51,P,0,2024-01-11 00:20:51,P,0,5,4,5,4,1000139,1,1|1
D,2024-01-11 00:24:51,P,0,2024-01-11 00:39:51,P,0,15,4,4,4,1000139,1,1|1
B,2024-01-11 00:15:51,P,0,2024-01-11 00:20:51,P,0,5,4,5,4,1000140,1,1|1
C,2024-01-11 00:25:51,P,0,2024-01-11 00:40:51,P,0,15,4,5,4,1000140,1,1|1
B,2024-01-11 00:15:51,P,0,2024-01-11 00:20:51,P,0,5,4,5,4,1000141,1,1|1
C,2024-01-11 00:29:51,P,0,2024-01-11 00:38:51,P,0,9,4,9,4,1000141,1,1|1
D,2024-01-11 00:48:51,P,0,2024-01-11 01:03:51,P,0,15,4,10,4,1000141,1,1|1
D,2024-01-11 00:15:51,P,0,2024-01-11 00:20:51,P,0,5,4,5,4,1000142,1,1|1
C,2024-01-11 00:29:51,P,0,2024-01-11 00:42:51,P,0,13,4,9,4,1000142,1,1|1
B,2024-01-11 00:52:51,P,0,2024-01-11 01:07:51,P,0,15,4,10,4,1000142,1,1|1
C,2024-01-11 00:15:51,P,0,2024-01-11 00:20:51,P,0,5,4,5,4,1000143,1,1|1
D,2024-01-11 00:32:51,P,0,2024-01-11 00:47:51,P,0,15,4,12,4,1000143,1,1|1
B,2024-01-11 00:15:51,P,0,2024-01-11 00:20:51,P,0,5,4,5,4,1000144,1,1|1
C,2024-01-11 00:24:51,P,0,2024-01-11 00:38:51,P,0,14,4,4,4,1000144,1,1|1
D,2024-01-11 00:15:51,P,0,2024-01-11 00:20:51,P,0,5,4,5,4,1000145,1,1|1
C,2024-01-11 00:26:51,P,0,2024-01-11 00:41:51,P,0,15,4,6,4,1000145,1,1|1
B,2024-01-11 00:49:51,P,0,2024-01-11 00:57:51,P,0,8,4,8,4,1000145,1,1|1
B,2024-01-11 00:15:51,P,0,2024-01-11 00:20:51,P,0,5,4,5,4,1000146,1,1|1
C,2024-01-11 00:28:51,P,0,2024-01-11 00:37:51,P,0,9,4,8,4,1000146,1,1|1
D,2024-01-11 00:42:51,P,0,2024-01-11 00:56:51,P,0,14,4,5,4,1000146,1,1|1
C,2024-01-11 00:15:51,P,0,2024-01-11 00:20:51,P,0,5,4,5,4,1000147,1,1|1
D,2024-01-11 00:26:51,P,0,2024-01-11 00:39:51,P,0,13,4,6,4,1000147,1,1|1
B,2024-01-11 00:15:51,P,0,2024-01-11 00:20:51,P,0,5,4,5,4,1000148,1,1|1
C,2024-01-11 00:29:51,P,0,2024-01-11 00:44:51,P,0,15,4,9,4,1000148,1,1|1
C,2024-01-11 00:15:51,P,0,2024-01-11 00:20:51,P,0,5,4,5,4,1000149,1,1|1
D,2024-01-11 00:30:51,P,0,2024-01-11 00:39:51,P,0,9,4,10,4,1000149,1,1|1
B,2024-01-11 00:15:51,P,0,2024-01-11 00:20:51,P,0,5,4,5,4,1000150,1,1|1
C,2024-01-11 00:32:51,P,0,2024-01-11 00:39:51,P,0,7,4,12,4,1000150,1,1|1
D,2024-01-11 00:48:51,P,0,2024-01-11 00:54:51,P,0,6,4,9,4,1000150,1,1|1
C,2024-01-11 00:15:51,P,0,2024-01-11 00:20:51,P,0,5,4,5,4,1000151,1,1|1
D,2024-01-11 00:24:51,P,0,2024-01-11 00:34:51,P,0,10,4,4,4,1000151,1,1|1
C,2024-01-11 00:15:51,P,0,2024-01-11 00:20:51,P,0,5,4,5,4,1000152,1,1|1
D,2024-01-11 00:31:51,P,0,2024-01-11 00:40:51,P,0,9,4,11,4,1000152,1,1|1
C,2024-01-11 00:15:51,P,0,2024-01-11 00:20:51,P,0,5,4,5,4,1000153,1,1|1
D,2024-01-11 00:31:51,P,0,2024-01-11 00:44:51,P,0,13,4,11,4,1000153,1,1|1
C,2024-01-11 00:15:51,P,0,2024-01-11 00:20:51,P,0,5,4,5,4,1000154,1,1|1
D,2024-01-11 00:32:51,P,0,2024-01-11 00:45:51,P,0,13,4,12,4,1000154,1,1|1
B,2024-01-11 00:15:51,P,0,2024-01-11 00:20:51,P,0,5,4,5,4,1000155,1,1|1
C,2024-01-11 00:27:51,P,0,2024-01-11 00:34:51,P,0,7,4,7,4,1000155,1,1|1
D,2024-01-11 00:45:51,P,0,2024-01-11 00:57:51,P,0,12,4,11,4,1000155,1,1|1
C,2024-01-11 00:15:51,P,0,2024-01-11 00:20:51,P,0,5,4,5,4,1000156,1,1|1
D,2024-01-11 00:25:51,P,0,2024-01-11 00:35:51,P,0,10,4,5,4,1000156,1,1|1
C,2024-01-11 00:15:51,P,0,2024-01-11 00:20:51,P,0,5,4,5,4,1000157,1,1|1
D,2024-01-11 00:25:51,P,0,2024-01-11 00:31:51,P,0,6,4,5,4,1000157,1,1|1
C,2024-01-11 00:15:51,P,0,2024-01-11 00:20:51,P,0,5,4,5,4,1000158,1,1|1
D,2024-01-11 00:27:51,P,0,2024-01-11 00:41:51,P,0,14,4,7,4,1000158,1,1|1
B,2024-01-11 00:15:51,P,0,2024-01-11 00:20:51,P,0,5,4,5,4,1000159,1,1|1
C,2024-01-11 00:31:51,P,0,2024-01-11 00:38:51,P,0,7,4,11,4,1000159,1,1|1
D,2024-01-11 00:15:51,P,0,2024-01-11 00:20:51,P,0,5,4,5,4,1000160,1,1|1
C,2024-01-11 00:29:51,P,0,2024-01-11 00:44:51,P,0,15,4,9,4,1000160,1,1|1
B,2024-01-11 00:52:51,P,0,2024-01-11 01:05:51,P,0,13,4,8,4,1000160,1,1|1
B,2024-01-11 00:15:51,P,0,2024-01-11 00:20:51,P,0,5,4,5,4,1000161,1,1|1
C,2024-01-11 00:27:51,P,0,2024-01-11 00:35:51,P,0,8,4,7,4,1000161,1,1|1
B,2024-01-11 00:15:51,P,0,2024-01-11 00:20:51,P,0,5,4,5,4,1000162,1,1|1
C,2024-01-11 00:24:51,P,0,2024-01-11 00:33:51,P,0,9,4,4,4,1000162,1,1|1
D,2024-01-11 00:40:51,P,0,2024-01-11 00:48:51,P,0,8,4,7,4,1000162,1,1|1
B,2024-01-11 00:15:51,P,0,2024-01-11 00:20:51,P,0,5,4,5,4,1000163,1,1|1
C,2024-01-11 00:29:51,P,0,2024-01-11 00:41:51,P,0,12,4,9,4,1000163,1,1|1
B,2024-01-11 00:15:51,P,0,2024-01-11 00:20:51,P,0,5,4,5,4,1000164,1,1|1
C,2024-01-11 00:25:51,P,0,2024-01-11 00:40:51,P,0,15,4,5,4,1000164,1,1|1
D,2024-01-11 00:46:51,P,0,2024-01-11 00:57:51,P,0,11,4,6,4,1000164,1,1|1
B,2024-01-11 00:15:51,P,0,2024-01-11 00:20:51,P,0,5,4,5,4,1000165,1,1|1
C,2024-01-11 00:26:51,P,0,2024-01-11 00:34:51,P,0,8,4,6,4,1000165,1,1|1
D,2024-01-11 00:38:51,P,0,2024-01-11 00:50:51,P,0,12,4,4,4,1000165,1,1|1
C,2024-01-11 00:15:51,P,0,2024-01-11 00:20:51,P,0,5,4,5,4,1000166,1,1|1
D,2024-01-11 00:28:51,P,0,2024-01-11 00:42:51,P,0,14,4,8,4,1000166,1,1|1
C,2024-01-11 00:15:51,P,0,2024-01-11 00:20:51,P,0,5,4,5,4,1000167,1,1|1
D,2024-01-11 00:24:51,P,0,2024-01-11 00:31:51,P,0,7,4,4,4,1000167,1,1|1
C,2024-01-11 00:15:51,P,0,2024-01-11 00:20:51,P,0,5,4,5,4,1000168,1,1|1
D,2024-01-11 00:32:51,P,0,2024-01-11 00:41:51,P,0,9,4,12,4,1000168,1,1|1
C,2024-01-11 00:15:51,P,0,2024-01-11 00:20:51,P,0,5,4,5,4,1000169,1,1|1
D,2024-01-11 00:33:51,P,0,2024-01-11 00:39:51,P,0,6,4,13,4,1000169,1,1|1
C,2024-01-11 00:15:51,P,0,2024-01-11 00:20:51,P,0,5,4,5,4,1000170,1,1|1
D,2024-01-11 00:33:51,P,0,2024-01-11 00:40:51,P,0,7,4,13,4,1000170,1,1|1
B,2024-01-11 00:15:51,P,0,2024-01-11 00:20:51,P,0,5,4,5,4,1000171,1,1|1
C,2024-01-11 00:33:51,P,0,2024-01-11 00:42:51,P,0,9,4,13,4,1000171,1,1|1
D,2024-01-11 00:46:51,P,0,2024-01-11 00:59:51,P,0,13,4,4,4,1000171,1,1|1
B,2024-01-11 00:15:51,P,0,2024-01-11 00:20:51,P,0,5,4,5,4,1000172,1,1|1
C,2024-01-11 00:25:51,P,0,2024-01-11 00:31:51,P,0,6,4,5,4,1000172,1,1|1
C,2024-01-11 00:15:51,P,0,2024-01-11 00:20:51,P,0,5,4,5,4,1000173,1,1|1
D,2024-01-11 00:28:51,P,0,2024-01-11 00:41:51,P,0,13,4,8,4,1000173,1,1|1
C,2024-01-11 00:15:51,P,0,2024-01-11 00:20:51,P,0,5,4,5,4,1000174,1,1|1
D,2024-01-11 00:31:51,P,0,2024-01-11 00:37:51,P,0,6,4,11,4,1000174,1,1|1
B,2024-01-11 00:15:51,P,0,2024-01-11 00:20:51,P,0,5,4,5,4,1000175,1,1|1
C,2024-01-11 00:32:51,P,0,2024-01-11 00:43:51,P,0,11,4,12,4,1000175,1,1|1
B,2024-01-11 00:15:51,P,0,2024-01-11 00:20:51,P,0,5,4,5,4,1000176,1,1|1
C,2024-01-11 00:28:51,P,0,2024-01-11 00:36:51,P,0,8,4,8,4,1000176,1,1|1
B,2024-01-11 00:15:51,P,0,2024-01-11 00:20:51,P,0,5,4,5,4,1000177,1,1|1
C,2024-01-11 00:25:51,P,0,2024-01-11 00:40:51,P,0,15,4,5,4,1000177,1,1|1
B,2024-01-11 00:15:51,P,0,2024-01-11 00:20:51,P,0,5,4,5,4,1000178,1,1|1
C,2024-01-11 00:25:51,P,0,2024-01-11 00:40:51,P,0,15,4,5,4,1000178,1,1|1
B,2024-01-11 00:15:51,P,0,2024-01-11 00:20:51,P,0,5,4,5,4,1000179,1,1|1
C,2024-01-11 00:32:51,P,0,2024-01-11 00:44:51,P,0,12,4,12,4,1000179,1,1|1
D,2024-01-11 00:52:51,P,0,2024-01-11 01:00:51,P,0,8,4,8,4,1000179,1,1|1
D,2024-01-11 00:15:51,P,0,2024-01-11 00:20:51,P,0,5,4,5,4,1000180,1,1|1
C,2024-01-11 00:30:51,P,0,2024-01-11 00:39:51,P,0,9,4,10,4,1000180,1,1|1
B,2024-01-11 00:44:51,P,0,2024-01-11 00:51:51,P,0,7,4,5,4,1000180,1,1|1
B,2024-01-11 00:15:51,P,0,2024-01-11 00:20:51,P,0,5,4,5,4,1000181,1,1|1
C,2024-01-11 00:26:51,P,0,2024-01-11 00:39:51,P,0,13,4,6,4,1000181,1,1|1
D,2024-01-11 00:46:51,P,0,2024-01-11 01:01:51,P,0,15,4,7,4,1000181,1,1|1
C,2024-01-11 00:15:51,P,0,2024-01-11 00:20:51,P,0,5,4,5,4,1000182,1,1|1
D,2024-01-11 00:30:51,P,0,2024-01-11 00:43:51,P,0,13,4,10,4,1000182,1,1|1
B,2024-01-11 00:15:51,P,0,2024-01-11 00:20:51,P,0,5,4,5,4,1000183,1,1|1
C,2024-01-11 00:33:51,P,0,2024-01-11 00:48:51,P,0,15,4,13,4,1000183,1,1|1
C,2024-01-11 00:15:51,P,0,2024-01-11 00:20:51,P,0,5,4,5,4,1000184,1,1|1
D,2024-01-11 00:25:51,P,0,2024-01-11 00:40:51,P,0,15,4,5,4,1000184,1,1|1
C,2024-01-11 00:15:51,P,0,2024-01-11 00:20:51,P,0,5,4,5,4,1000185,1,1|1
D,2024-01-11 00:25:51,P,0,2024-01-11 00:31:51,P,0,6,4,5,4,1000185,1,1|1
B,2024-01-11 00:15:51,P,0,2024-01-11 00:20:51,P,0,5,4,5,4,1000186,1,1|1
C,2024-01-11 00:25:51,P,0,2024-01-11 00:38:51,P,0,13,4,5,4,1000186,1,1|1
D,2024-01-11 00:43:51,P,0,2024-01-11 00:56:51,P,0,13,4,5,4,1000186,1,1|1
B,2024-01-11 00:15:51,P,0,2024-01-11 00:20:51,P,0,5,4,5,4,1000187,1,1|1
C,2024-01-11 00:31:51,P,0,2024-01-11 00:45:51,P,0,14,4,11,4,1000187,1,1|1
D,2024-01-11 00:15:51,P,0,2024-01-11 00:20:51,P,0,5,4,5,4,1000188,1,1|1
C,2024-01-11 00:31:51,P,0,2024-01-11 00:40:51,P,0,9,4,11,4,1000188,1,1|1
B,2024-01-11 00:52:51,P,0,2024-01-11 01:05:51,P,0,13,4,12,4,1000188,1,1|1
B,2024-01-11 00:15:51,P,0,2024-01-11 00:20:51,P,0,5,4,5,4,1000189,1,1|1
C,2024-01-11 00:33:51,P,0,2024-01-11 00:47:51,P,0,14,4,13,4,1000189,1,1|1
C,2024-01-11 00:15:51,P,0,2024-01-11 00:20:51,P,0,5,4,5,4,1000190,1,1|1
D,2024-01-11 00:31:51,P,0,2024-01-11 00:39:51,P,0,8,4,11,4,1000190,1,1|1
C,2024-01-11 00:15:51,P,0,2024-01-11 00:20:51,P,0,5,4,5,4,1000191,1,1|1
D,2024-01-11 00:26:51,P,0,2024-01-11 00:38:51,P,0,12,4,6,4,1000191,1,1|1
B,2024-01-11 00:15:51,P,0,2024-01-11 00:20:51,P,0,5,4,5,4,1000192,1,1|1
C,2024-01-11 00:33:51,P,0,2024-01-11 00:40:51,P,0,7,4,13,4,1000192,1,1|1
C,2024-01-11 00:15:51,P,0,2024-01-11 00:20:51,P,0,5,4,5,4,1000193,1,1|1
D,2024-01-11 00:29:51,P,0,2024-01-11 00:43:51,P,0,14,4,9,4,1000193,1,1|1
B,2024-01-11 00:15:51,P,0,2024-01-11 00:20:51,P,0,5,4,5,4,1000194,1,1|1
C,2024-01-11 00:27:51,P,0,2024-01-11 00:33:51,P,0,6,4,7,4,1000194,1,1|1
D,2024-01-11 00:40:51,P,0,2024-01-11 00:51:51,P,0,11,4,7,4,1000194,1,1|1
D,2024-01-11 00:15:51,P,0,2024-01-11 00:20:51,P,0,5,4,5,4,1000195,1,1|1
C,2024-01-11 00:27:51,P,0,2024-01-11 00:36:51,P,0,9,4,7,4,1000195,1,1|1
B,2024-01-11 00:48:51,P,0,2024-01-11 01:01:51,P,0,13,4,12,4,1000195,1,1|1
C,2024-01-11 00:15:51,P,0,2024-01-11 00:20:51,P,0,5,4,5,4,1000196,1,1|1
D,2024-01-11 00:31:51,P,0,2024-01-11 00:46:51,P,0,15,4,11,4,1000196,1,1|1
B,2024-01-11 00:15:51,P,0,2024-01-11 00:20:51,P,0,5,4,5,4,1000197,1,1|1
C,2024-01-11 00:25:51,P,0,2024-01-11 00:31:51,P,0,6,4,5,4,1000197,1,1|1
D,2024-01-11 00:41:51,P,0,2024-01-11 00:55:51,P,0,14,4,10,4,1000197,1,1|1
B,2024-01-11 00:15:51,P,0,2024-01-11 00:20:51,P,0,5,4,5,4,1000198,1,1|1
C,2024-01-11 00:27:51,P,0,2024-01-11 00:41:51,P,0,14,4,7,4,1000198,1,1|1
C,2024-01-11 00:15:51,P,0,2024-01-11 00:20:51,P,0,5,4,5,4,1000199,1,1|1
D,2024-01-11 00:28:51,P,0,2024-01-11 00:42:51,P,0,14,4,8,4,1000199,1,1|1
B,2024-01-11 00:15:51,P,0,2024-01-11 00:20:51,P,0,5,4,5,4,1000200,1,1|1
C,2024-01-11 00:33:51,P,0,2024-01-11 00:42:51,P,0,9,4,13,4,1000200,1,1|1
